<application>
  <component name="FileTypeManager" version="18">
    <extensionMap>
      <mapping pattern=".env.test" type="PLAIN_TEXT" />
      <mapping pattern=".env.local" type="PLAIN_TEXT" />
      <mapping pattern=".env.development" type="PLAIN_TEXT" />
      <mapping pattern=".env.production" type="PLAIN_TEXT" />
      <removed_mapping ext="ignore" approved="true" type="IgnoreLang file" />
      <removed_mapping pattern=".env.development" approved="true" type="Native" />
    </extensionMap>
  </component>
</application>