<application>
  <component name="MaterialThemeConfig">
    <option name="highlightColorEnabled" value="true" />
    <option name="premium" value="true" />
    <option name="isHighlightColorEnabled" value="true" />
    <option name="isWizardShown" value="true" />
    <option name="pristineConfig" value="false" />
    <option name="statusBarTheme" value="false" />
    <option name="treeFontSizeEnabled" value="true" />
    <option name="tabFontSizeEnabled" value="true" />
    <option name="indicatorStyle" value="None" />
    <option name="treeFontSize" value="13" />
    <option name="tabFontSize" value="14" />
    <option name="tabsHeight" value="20" />
    <option name="accentColor" value="ff3e71" />
    <option name="highlightColor" value="7cd6c5" />
    <option name="selectedTheme" value="NATIVE" />
    <option name="userId" value="65ae549:171ce5cbd1e:-8000" />
    <option name="version" value="6.8.2" />
    <option name="tabHighlightPosition" value="Bottom" />
  </component>
</application>