<application>
  <component name="MaterialCustomThemeConfig">
    <option name="excludedColor" value="27303bff" />
    <option name="accentColor" value="ff3e71ff" />
    <option name="notificationsColor" value="202831ff" />
    <option name="treeSelectionColor" value="303a453f" />
    <option name="highlightColor" value="ff3e71ff" />
    <option name="secondBorderColor" value="303a45ff" />
    <option name="tableSelectedColor" value="7cd6c5ff" />
    <option name="contrastColor" value="1a2128ff" />
    <option name="disabledColor" value="303a45ff" />
    <option name="secondaryBackgroundColor" value="202831ff" />
    <option name="buttonColor" value="202831ff" />
    <option name="selectionForegroundColor" value="ececeeff" />
    <option name="selectionBackgroundColor" value="303a45ff" />
    <option name="textColor" value="6f7a86ff" />
    <option name="foregroundColor" value="c9cbcfff" />
    <option name="backgroundColor" value="202831ff" />
  </component>
</application>